age,income,gender_Male,gender_Non-binary,city_Chicago,city_Dallas,city_Fort Worth,city_Houston,city_Jacksonville,city_Los Angeles,city_New York,city_Philadelphia,city_Phoenix,city_San Antonio,city_San Diego,city_San Jose
27,47224,True,True,True,False,False,False,False,False,False,False,False,False,True,False
50,111691,False,False,True,False,False,True,False,False,False,False,False,False,False,False
35,118395,False,False,True,False,False,False,False,False,False,False,True,False,False,False
32,40350,False,True,True,False,False,False,False,False,False,False,False,False,False,False
34,68680,False,False,False,False,False,False,False,False,False,False,False,False,False,False
57,92163,False,False,False,False,False,False,False,False,False,False,False,False,False,True
53,116223,False,False,True,False,False,False,True,False,False,False,False,False,False,True
22,114896,False,True,False,False,False,False,False,False,False,False,False,False,False,False
24,93156,False,False,False,False,False,False,False,False,False,False,False,False,False,False
41,99621,False,True,True,False,False,False,False,False,False,False,False,False,False,False
25,114896,True,False,True,False,False,False,False,False,False,False,False,False,False,False
34,67762,False,True,True,False,False,False,False,False,False,False,False,False,False,False
36,106869,True,False,False,False,False,False,False,False,False,False,False,False,False,True
51,64687,True,False,True,False,False,False,False,False,False,False,False,False,False,False
28,66666,False,True,False,False,False,False,True,False,False,False,False,False,False,False
38,116499,False,False,True,False,False,False,False,False,False,True,False,False,False,False
22,65018,True,False,False,False,False,False,False,False,False,False,False,False,True,False
44,50006,False,False,False,False,False,True,True,False,True,False,False,False,False,False
43,48964,False,False,False,False,False,False,False,False,False,False,False,False,False,False
35,91385,False,True,True,False,False,True,False,False,False,False,False,False,False,False
26,36028,False,False,True,False,False,True,False,False,False,False,False,False,False,False
51,55443,False,True,False,False,False,False,False,False,False,False,False,False,False,False
54,80277,False,False,False,True,False,False,False,False,False,True,False,False,False,False
22,61635,False,False,False,False,False,False,False,False,False,False,False,False,False,False
24,42999,False,True,False,False,False,False,False,False,False,False,True,False,False,False
27,102910,False,False,True,False,False,False,False,False,False,True,False,False,False,False
58,42217,False,False,False,True,False,False,False,False,True,True,False,True,False,False
37,43069,False,True,True,False,False,False,False,False,False,False,False,False,False,False
39,34852,False,True,False,False,False,False,True,False,False,False,False,False,False,False
29,116223,False,False,False,False,False,False,False,False,False,False,False,False,False,False
46,48894,True,True,False,False,False,False,False,False,False,False,False,False,False,False
43,76955,True,True,True,False,False,False,False,False,False,False,True,False,True,False
59,41836,True,True,False,False,False,False,False,False,False,False,False,False,False,False
27,89459,False,True,True,False,False,False,False,False,False,False,False,False,False,False
26,68452,False,False,True,False,False,False,False,True,False,False,False,False,False,False
29,33783,True,False,False,True,False,False,False,False,False,False,False,True,False,True
58,36629,False,False,False,False,False,False,True,False,False,False,False,False,True,False
46,34082,False,True,False,False,False,False,False,False,False,False,False,False,False,False
56,119889,False,True,False,False,False,False,False,False,False,False,False,False,False,False
28,109806,False,True,True,False,False,False,False,False,False,False,False,False,False,False
26,96507,True,False,False,True,False,False,False,False,False,False,False,False,False,True
31,75236,False,False,False,False,False,True,False,False,False,False,False,False,False,False
34,94178,False,False,True,False,False,False,False,False,False,False,False,False,False,False
29,103608,False,True,True,False,False,False,False,False,False,False,False,False,False,False
42,116200,True,False,False,False,False,False,False,False,False,False,False,False,False,False
31,108116,True,True,True,False,False,False,False,False,False,False,False,False,False,False
38,104228,False,True,False,False,False,False,False,False,False,False,False,False,True,False
47,52946,True,False,False,False,True,False,False,False,False,True,False,False,False,False
33,36764,False,False,False,False,False,True,True,False,False,False,False,False,False,False
45,102972,False,True,False,False,False,False,False,False,False,False,False,False,False,False
49,83955,True,False,False,False,False,False,False,False,False,False,False,False,False,False
59,94451,True,False,True,False,False,False,True,False,False,False,False,True,False,False
45,95771,False,True,True,False,False,False,False,False,False,False,False,False,False,True
46,114323,False,False,True,False,False,False,False,False,False,False,False,False,False,False
40,64687,False,False,True,False,False,False,False,True,False,False,False,False,False,False
41,67667,False,False,True,False,False,False,False,False,False,True,False,False,False,False
33,40527,False,True,False,False,False,False,False,False,False,False,False,False,False,False
58,47054,False,False,False,False,False,False,True,False,False,False,False,False,False,False
24,88743,False,False,False,False,False,False,False,False,False,False,False,False,False,False
53,80196,False,False,False,False,False,False,False,False,False,False,False,False,False,False
58,115394,False,True,False,False,False,False,False,False,False,False,False,False,True,False
45,115814,False,False,True,False,True,False,False,False,False,False,False,False,False,False
44,49476,True,True,False,False,True,False,True,False,False,False,False,False,False,False
59,50253,False,False,True,False,False,False,False,True,False,False,False,False,False,True
22,38799,False,False,True,False,False,False,False,False,False,False,False,False,False,False
35,105248,False,False,True,False,False,False,False,False,False,False,True,False,False,True
57,61439,False,True,False,False,False,False,False,False,False,False,False,False,False,False
26,39359,False,False,False,True,False,False,False,False,False,False,False,False,False,False
37,114323,False,False,True,False,False,True,False,False,False,False,False,False,False,True
57,64782,False,False,False,False,False,False,False,False,False,False,False,False,False,False
39,118188,False,True,False,False,False,False,True,False,False,True,False,False,False,False
60,40543,True,False,False,False,False,True,False,False,False,False,False,False,False,False
24,68254,False,True,True,True,False,False,False,True,False,False,False,False,False,False
59,55928,True,False,True,False,False,False,False,False,False,False,False,True,False,False
56,59392,True,True,False,False,False,False,False,False,False,False,False,False,False,False
53,116159,False,False,False,False,False,True,True,False,False,False,False,False,False,False
29,83841,False,False,False,False,False,False,False,False,False,False,False,False,True,False
57,40527,False,False,False,False,False,False,False,False,False,True,False,False,False,False
36,37861,False,False,False,False,False,False,False,False,False,False,False,True,False,False
29,61890,False,True,False,False,False,True,False,False,False,True,False,False,False,False
43,76009,True,False,False,False,False,False,True,False,False,False,False,False,False,False
32,69599,False,False,False,False,False,True,False,False,False,False,False,False,False,False
24,75607,False,False,False,False,False,False,False,False,True,False,False,False,False,False
25,111987,True,False,False,False,False,False,False,False,False,True,False,False,False,False
29,64675,True,False,True,False,False,False,False,False,False,False,False,False,False,False
51,89049,False,False,True,False,False,False,False,False,False,False,False,False,False,False
34,59817,False,True,False,False,False,False,False,False,False,False,True,False,False,True
48,55242,False,False,True,False,True,False,False,False,False,False,True,False,False,False
34,101376,False,False,False,False,False,False,False,False,False,False,False,False,False,False
55,47054,False,False,True,False,False,False,False,False,False,False,False,False,False,False
27,64782,False,False,True,False,False,False,False,False,False,False,False,False,False,False
59,111830,True,False,False,True,False,False,False,False,False,False,False,False,False,False
54,84524,True,False,False,False,False,True,False,False,False,False,False,False,False,False
52,106225,True,True,False,False,False,False,False,False,False,True,False,False,True,False
57,66208,True,False,True,False,False,False,False,False,False,False,False,False,False,False
43,66512,True,True,False,False,False,False,False,False,False,False,False,False,False,True
48,50181,True,False,True,False,False,False,False,False,False,True,True,False,False,False
29,108385,False,False,True,False,False,False,False,False,False,False,False,False,False,True
53,94332,False,False,True,False,True,False,True,False,False,False,False,False,False,True
44,61925,True,False,False,False,False,False,False,False,False,False,False,False,False,True
23,68290,True,False,True,False,True,True,False,True,False,False,False,False,False,False
46,76112,False,False,False,False,False,False,False,True,False,False,False,False,False,False
42,84165,False,False,False,True,False,False,False,True,False,False,True,False,False,False
48,105529,False,True,False,False,False,False,False,False,False,False,False,False,False,False
41,109471,False,True,True,False,False,False,False,False,False,False,False,False,False,False
36,116846,False,True,True,False,False,False,False,False,False,False,True,False,False,False
27,38799,False,False,True,False,False,False,False,False,False,False,True,False,False,False
44,78311,True,False,False,False,False,False,False,False,False,False,False,False,False,False
46,107139,False,True,True,False,False,False,False,False,False,False,False,False,False,False
43,94178,True,False,True,False,False,False,False,False,False,False,False,False,False,False
40,64816,False,True,False,False,False,False,False,False,False,False,False,False,False,False
49,103526,False,True,False,False,False,False,False,False,False,False,False,False,False,False
56,72823,False,False,True,False,False,False,False,False,False,False,False,False,False,False
26,119705,True,True,False,False,False,False,False,False,False,False,False,False,False,False
58,108222,False,True,False,False,False,False,False,False,False,False,False,False,False,False
32,119364,False,True,True,False,False,False,False,False,True,False,True,False,False,True
58,49080,False,False,False,False,False,False,False,False,False,False,False,False,False,False
56,34278,False,True,False,False,False,False,True,False,False,False,False,False,False,False
34,65976,True,False,True,False,False,False,False,False,False,False,False,False,False,False
42,47892,True,False,False,False,False,False,False,False,False,False,False,False,False,False
44,88529,False,True,False,False,False,False,False,False,False,False,False,False,False,True
29,84239,False,True,False,False,False,False,False,False,False,False,False,False,False,False
33,118452,False,False,True,False,False,False,False,False,False,False,False,False,False,False
43,101376,False,False,False,False,False,False,False,False,False,False,True,False,False,True
22,67828,False,True,True,False,False,False,False,False,True,False,True,False,False,False
42,77012,False,False,False,False,False,False,True,False,False,False,False,True,False,False
53,102910,False,False,True,True,False,False,False,False,False,True,False,False,False,False
37,42219,False,False,True,False,False,False,False,False,False,False,False,False,False,False
28,60647,False,False,True,False,False,False,False,False,False,True,False,False,False,False
45,31824,True,False,True,False,False,False,False,False,False,False,False,False,False,False
40,49340,False,False,True,False,False,False,False,False,False,False,True,False,False,False
51,34877,False,False,False,False,False,False,False,False,False,False,False,True,False,False
25,43154,True,False,False,False,False,False,False,False,False,False,False,False,False,True
57,92402,False,False,False,False,True,False,False,False,False,False,False,False,True,False
52,35224,False,True,True,False,False,False,False,False,False,False,False,False,False,False
57,86626,True,False,False,False,False,False,False,False,False,False,False,True,False,False
33,47892,False,True,False,False,False,False,False,False,False,False,False,False,False,False
44,68452,False,True,True,False,False,False,False,True,False,False,False,False,False,False
35,47054,True,False,True,False,False,False,False,True,False,False,False,False,False,False
39,100457,False,True,False,False,False,False,False,False,False,True,False,False,False,False
24,93464,False,False,False,False,False,False,False,False,False,False,False,False,False,False
21,80277,False,True,True,False,False,False,False,False,False,False,False,False,False,False
60,45194,False,False,True,False,False,False,False,False,False,False,False,False,False,False
38,87939,True,True,True,False,False,False,False,False,False,False,False,False,True,False
35,78176,False,False,True,False,False,False,False,False,False,True,False,False,False,False
47,105529,True,False,True,False,False,False,False,False,False,False,False,False,True,False
60,55105,False,False,False,False,False,False,False,False,False,False,False,False,False,False
21,81717,False,True,False,False,False,False,True,False,False,False,False,False,False,False
22,83841,False,True,False,False,False,False,False,False,False,False,False,False,False,False
59,73357,False,True,False,True,False,False,False,False,False,True,False,False,False,False
33,60775,False,False,True,False,False,False,False,True,False,False,False,False,False,False
45,54586,False,True,False,False,False,False,False,False,False,False,False,False,False,False
56,68780,False,False,True,False,False,False,False,False,False,False,False,False,False,False
28,116991,False,False,True,False,False,False,False,False,False,True,False,False,False,False
29,79441,True,True,True,True,False,False,False,False,False,False,False,False,False,False
49,44201,False,False,False,False,False,False,False,False,False,False,False,True,False,False
36,109964,False,False,True,False,False,False,False,False,False,False,False,False,False,False
59,94454,False,True,True,False,False,False,False,True,False,False,False,False,False,False
27,68452,False,False,True,False,False,False,False,False,False,False,False,False,False,False
55,101364,False,False,False,False,False,False,False,False,False,False,False,False,False,False
41,51079,False,False,False,False,False,True,False,False,False,False,True,False,False,False
33,45814,False,False,True,False,False,False,False,False,False,False,False,False,True,False
51,103772,True,False,False,False,True,False,False,False,False,False,False,False,False,False
23,49555,False,False,True,False,False,False,False,False,False,False,False,False,False,False
48,108696,False,True,True,False,False,False,False,False,False,False,False,False,False,False
32,59816,False,True,True,False,False,False,False,False,False,False,False,False,False,False
30,95338,False,False,True,False,False,True,False,False,False,True,False,False,False,True
41,65838,False,False,True,False,False,False,True,False,False,False,False,False,False,True
36,88743,True,False,True,False,False,False,False,False,False,False,False,False,False,False
42,79131,True,False,True,False,False,False,True,False,False,False,False,False,False,False
35,113819,False,False,False,False,False,False,False,False,False,False,True,False,True,False
32,68566,False,True,False,False,False,False,False,False,False,False,False,False,False,False
34,51747,False,False,False,False,False,False,False,False,False,False,False,False,False,False
51,50253,False,False,False,False,False,False,False,False,False,False,False,False,False,False
30,116646,False,False,False,False,False,False,False,False,False,False,False,False,False,False
39,44896,False,False,False,False,False,False,False,True,False,False,False,False,False,False
38,88153,False,False,True,False,False,True,False,False,False,False,True,True,False,False
30,57884,False,True,True,False,False,False,False,False,False,False,True,False,False,False
40,106983,True,False,False,False,False,True,False,False,False,False,False,False,False,False
28,89682,False,False,False,False,False,False,False,False,False,False,True,False,False,False
24,66666,True,False,False,False,False,False,False,False,False,False,False,False,False,False
35,107304,False,False,False,True,False,False,False,False,False,False,False,False,False,False
60,50280,False,False,True,False,False,False,False,True,False,False,False,True,False,False
39,47224,True,False,False,False,False,False,True,False,False,False,False,False,False,False
47,32875,False,False,True,False,False,False,False,False,False,False,False,True,False,False
54,89600,False,True,False,False,False,False,False,False,False,False,False,False,False,False
34,31231,False,False,False,False,False,False,False,False,False,True,False,False,False,True
48,113695,False,True,True,False,False,False,False,False,False,False,False,False,False,False
32,101987,True,False,False,False,False,False,False,False,False,False,False,False,False,False
26,64816,False,True,True,True,False,False,False,False,False,False,False,False,False,False
32,67667,False,True,True,True,False,False,False,False,False,False,False,False,False,False
28,63092,False,False,False,False,False,False,False,False,True,False,False,False,False,False
40,95597,True,False,True,False,False,False,False,False,False,False,False,False,False,False
27,46299,False,False,False,False,False,False,True,False,False,True,False,True,False,False
23,60539,False,True,False,False,False,False,False,False,False,False,False,False,False,False
46,35273,False,True,True,False,False,False,False,False,False,False,False,False,False,False
50,77419,False,False,False,False,False,False,False,False,False,True,False,False,False,False
48,94340,True,True,True,False,False,False,False,False,False,False,False,False,False,False
43,37355,False,False,False,False,False,False,False,False,False,False,False,False,False,True
23,54267,False,True,True,False,False,False,False,True,False,False,False,False,False,False
22,45525,True,False,True,True,False,False,False,False,False,False,False,False,False,False
28,100776,False,True,True,False,False,False,False,False,False,False,False,False,False,False
21,90443,True,False,True,False,False,False,False,False,False,False,False,False,False,False
34,118117,False,False,False,False,True,False,False,False,False,False,False,True,False,False
50,43446,False,False,False,False,False,False,False,False,False,False,False,False,False,False
30,72622,True,True,False,False,False,False,False,False,False,False,False,False,False,True
44,85872,True,True,False,False,False,False,True,False,False,False,False,False,False,False
57,68680,False,True,True,False,False,False,False,False,False,True,False,False,False,False
49,77012,False,True,False,False,False,False,False,False,False,False,False,False,True,False
49,36028,False,True,False,False,False,False,False,False,False,False,False,False,False,False
51,49340,False,False,True,False,False,False,True,False,False,False,False,False,False,False
51,105529,False,False,True,False,False,False,False,False,False,False,False,True,False,False
41,43710,True,False,True,False,False,False,False,False,False,False,False,False,False,False
43,61566,False,True,True,False,False,False,False,False,False,False,False,True,False,False
51,79941,False,True,False,False,False,False,False,False,False,False,False,False,False,False
38,64687,False,True,True,False,False,False,False,False,False,False,False,False,False,False
40,104000,False,False,False,False,False,False,True,False,False,False,False,False,False,False
33,58361,False,True,False,False,False,False,False,False,False,False,False,False,False,False
41,59643,False,False,True,True,False,False,False,False,False,False,False,False,False,False
40,37861,False,False,True,False,False,False,False,False,False,False,False,False,False,False
37,55105,False,True,True,False,False,False,False,False,False,False,False,False,False,False
31,74548,False,False,False,False,False,False,True,False,False,False,False,False,False,False
54,48449,False,False,False,True,False,False,False,False,False,False,False,False,True,False
34,39329,True,True,False,False,False,False,False,False,False,False,False,False,False,False
43,37936,True,False,True,False,False,False,False,False,False,True,False,True,False,False
29,82262,False,True,False,False,False,False,False,False,False,False,False,False,False,False
24,95323,True,True,True,False,False,False,False,False,False,False,False,False,False,False
39,85723,False,False,False,False,False,False,False,False,False,False,False,False,False,True
38,112502,True,True,False,False,False,False,False,False,False,False,False,False,False,False
57,77453,False,True,True,True,True,False,False,False,False,False,False,False,False,False
52,87898,True,False,False,False,False,False,False,False,False,False,False,False,False,False
21,111490,False,False,False,False,False,False,False,False,False,False,True,False,False,False
47,65720,True,False,False,False,False,False,True,False,True,False,False,False,False,False
50,93483,False,False,True,True,False,False,False,False,False,False,False,False,False,True
22,41970,False,False,False,False,False,False,False,False,False,False,False,False,False,False
32,102140,False,False,True,False,False,False,False,False,True,False,False,False,False,False
45,84548,False,False,False,False,False,False,False,False,False,True,False,False,False,False
23,85872,False,True,True,False,False,False,False,False,False,False,True,False,False,False
51,75890,False,False,True,False,False,False,False,False,True,False,False,False,True,False
59,89048,False,False,False,False,False,False,False,False,False,False,False,False,False,False
25,96039,False,False,True,False,False,False,False,False,False,False,False,False,False,False
59,117207,False,True,False,False,False,False,False,False,False,False,False,False,False,False
48,73228,True,True,False,False,False,False,False,False,False,False,False,False,False,False
43,37104,False,True,True,False,False,False,False,False,False,False,False,False,False,False
27,82488,False,False,False,False,False,False,False,False,True,False,False,False,False,False
54,70319,True,False,True,False,False,False,False,False,False,False,False,False,False,False
60,75607,False,False,True,False,False,True,False,False,False,False,False,True,False,False
43,79060,True,False,False,False,False,False,True,False,False,False,False,False,False,False
31,80940,False,False,False,False,False,False,False,False,False,False,False,False,False,False
52,54586,False,False,False,False,False,False,False,False,False,False,False,False,True,True
56,116159,True,False,True,False,False,True,True,False,False,False,False,False,False,False
48,35224,True,False,False,False,False,False,False,False,False,False,False,False,False,False
36,71505,False,False,True,False,False,False,False,False,False,False,False,False,False,False
30,33441,True,True,True,False,False,False,False,False,False,False,True,False,False,False
20,73064,False,False,False,False,False,True,False,False,False,False,True,False,False,False
28,65683,True,True,True,True,False,False,False,False,False,False,True,False,False,False
58,88028,False,False,False,False,False,False,False,False,False,False,False,False,False,False
40,66160,False,False,True,False,False,False,False,False,False,False,False,False,False,False
47,46591,False,True,False,False,False,False,False,False,False,False,False,False,False,False
37,73065,False,True,False,False,True,False,False,False,False,False,False,False,False,False
46,118395,False,False,True,False,False,False,False,False,False,False,False,False,False,False
51,85615,False,True,True,True,False,True,False,False,False,False,False,False,False,False
27,49340,False,True,False,False,False,False,False,False,False,False,False,False,False,False
23,70953,False,False,True,False,False,False,True,False,False,False,False,False,False,False
57,101643,False,True,True,False,False,False,False,False,False,False,False,False,True,False
50,30150,False,False,False,False,False,False,False,False,False,False,True,False,False,False
44,43022,False,False,False,True,True,False,False,False,False,False,False,False,False,False
43,118815,True,True,True,True,False,False,False,False,False,False,False,False,False,True
39,73207,True,False,True,False,False,False,True,False,False,False,False,False,False,False
50,49528,False,False,False,True,False,False,False,False,False,False,False,False,False,False
57,106869,True,False,False,True,False,False,False,False,False,False,False,False,False,False
27,87898,False,False,False,False,True,False,False,False,False,False,False,False,False,False
23,69608,False,True,False,False,False,False,False,True,False,False,False,False,True,False
53,57659,False,False,True,True,False,False,False,False,False,False,False,False,False,False
51,45670,False,False,False,False,False,False,False,False,False,False,False,False,False,False
31,92163,True,False,True,False,False,False,False,False,False,False,False,False,False,False
54,66160,False,False,False,False,False,False,False,False,False,False,False,False,True,False
25,36028,False,False,True,False,False,False,False,False,True,False,False,False,False,False
29,73515,False,True,True,False,False,False,False,False,False,False,False,False,False,False
45,84165,True,False,False,False,False,False,True,False,False,False,False,False,False,False
25,63466,False,True,True,False,False,False,False,False,True,False,False,True,False,False
34,61439,True,False,True,False,False,False,True,False,False,False,False,False,False,False
41,40589,False,True,False,False,False,False,False,False,False,True,False,False,False,False
38,77453,False,False,False,False,False,False,False,False,False,False,False,False,False,True
41,108135,False,False,True,False,False,False,False,False,False,False,False,False,False,False
52,99579,True,False,False,False,False,False,True,False,False,False,False,False,False,False
34,77301,False,False,False,False,False,False,False,False,False,False,False,False,False,False
48,31854,True,True,True,False,False,False,False,False,False,False,False,False,False,False
25,90443,False,False,False,False,False,False,True,True,False,False,False,False,False,False
38,86207,False,True,False,False,False,True,False,False,False,False,False,False,False,False
40,62530,False,False,False,False,False,False,False,False,False,False,False,False,False,False
28,99541,False,False,False,False,False,False,False,False,False,False,False,False,False,False
38,61925,False,False,True,False,True,False,False,False,False,True,False,False,False,False
59,110623,True,False,True,False,False,True,False,False,False,False,False,False,False,False
32,55105,False,False,True,False,False,False,False,False,False,False,False,False,False,False
49,89682,False,False,True,False,False,False,False,True,False,False,False,True,False,False
37,83841,False,False,False,False,False,False,False,False,False,True,False,False,False,False
38,94260,False,True,False,True,False,False,False,False,False,False,False,False,False,False
36,60162,False,False,True,False,False,False,False,False,False,False,False,False,False,False
28,106869,True,True,True,False,False,False,False,False,False,False,False,False,False,False
50,47224,True,False,False,True,False,False,False,False,False,False,False,False,False,False
34,91592,False,False,True,False,False,False,False,False,False,False,False,False,False,False
47,80277,False,False,False,False,False,False,False,False,False,False,False,False,False,False
54,52962,True,False,False,False,False,False,True,False,False,False,True,False,False,False
59,108222,True,True,True,False,False,True,False,False,False,False,False,False,False,False
27,70963,False,False,False,False,False,False,False,False,True,True,False,False,False,False
30,47892,True,False,False,False,False,False,False,False,True,False,False,False,False,False
35,75236,False,True,False,False,False,False,False,False,False,False,False,False,False,False
42,109569,False,False,False,False,True,False,False,False,False,False,False,False,False,False
44,50006,True,True,False,False,False,False,False,False,False,False,False,False,False,False
40,32799,False,True,False,False,False,False,False,False,False,False,False,False,False,False
47,84935,False,False,False,False,False,False,False,False,True,False,False,False,False,False
55,90236,False,False,False,False,False,True,False,False,True,False,False,False,False,False
60,95771,False,False,False,False,False,False,False,False,False,True,False,False,False,False
59,50006,False,False,False,False,False,False,False,False,False,False,False,False,False,True
42,45058,False,False,False,False,False,False,False,True,False,False,False,False,False,False
32,116499,True,False,False,True,False,False,True,False,False,False,False,False,False,False
27,48595,False,False,True,False,False,False,False,False,False,False,False,False,False,False
47,73207,False,True,True,False,False,False,True,True,False,False,False,False,True,False
33,109482,False,False,False,False,False,False,False,False,False,True,False,False,False,False
45,61635,True,False,False,False,False,False,False,False,False,False,False,False,False,False
51,36764,True,True,True,False,False,False,False,False,False,False,False,False,False,False
29,102255,False,True,True,False,False,False,False,False,False,False,False,False,False,False
21,63082,False,False,False,False,False,False,False,False,False,False,False,False,False,False
30,101364,False,False,False,False,False,False,False,True,False,False,False,False,False,False
38,77953,False,False,True,False,False,False,False,False,True,False,False,False,False,False
44,84460,False,True,True,False,False,False,False,False,False,False,False,False,False,True
21,45194,False,False,True,False,False,False,False,False,False,False,False,False,True,False
38,42735,False,True,True,True,False,False,True,False,False,False,False,False,True,False
38,66046,True,True,True,False,False,False,False,False,False,False,False,False,False,False
33,83523,False,False,False,False,False,False,False,False,False,False,False,False,False,False
29,49476,False,False,False,False,False,False,True,False,False,False,False,False,False,False
55,91797,False,False,True,False,False,False,False,False,False,False,False,False,False,False
22,83271,False,False,True,False,False,False,False,False,False,False,False,False,False,False
20,68566,False,False,False,False,False,False,False,False,False,False,False,False,False,False
25,49340,False,False,False,False,False,False,False,False,False,False,False,False,False,False
55,95323,False,True,False,False,False,False,False,False,True,False,False,False,False,False
22,42219,False,False,True,False,False,False,True,False,False,False,False,True,False,False
41,48964,True,True,True,False,False,False,False,False,False,True,False,False,False,False
54,37894,False,True,True,False,False,False,False,False,False,True,False,False,False,False
47,63082,False,True,True,False,False,False,False,False,False,False,False,False,False,False
23,89441,True,False,False,False,False,False,False,False,False,False,False,False,False,False
26,60005,True,False,True,False,False,False,False,False,False,False,False,False,False,False
46,99942,False,True,True,False,False,False,False,False,False,False,False,False,False,False
60,88115,True,False,False,False,False,False,False,False,False,False,False,False,False,False
30,73687,True,True,True,False,True,False,False,False,False,False,False,False,False,False
41,50253,False,True,False,False,False,False,False,False,False,False,False,False,True,False
28,47781,False,False,True,False,False,False,False,False,False,True,True,False,False,False
21,37972,False,False,False,False,True,False,False,False,False,False,False,False,False,False
43,70319,False,False,True,False,False,False,False,False,True,False,False,False,False,True
50,70966,False,False,False,True,False,False,False,False,True,False,False,False,False,False
55,115461,False,False,True,False,False,False,True,False,False,False,False,False,False,False
21,48758,False,False,True,False,False,False,False,False,False,False,True,False,False,True
36,45292,False,False,False,False,False,False,False,False,False,True,False,False,False,False
21,111609,False,False,False,False,False,False,False,False,False,False,False,False,True,False
51,78843,False,True,False,False,True,False,False,False,False,False,False,False,False,False
29,33794,False,True,True,False,False,False,False,False,False,False,False,False,False,False
51,118125,False,False,True,False,False,True,False,False,False,False,True,False,False,False
44,106619,False,False,True,False,False,False,False,False,False,True,False,False,False,False
22,83841,False,False,False,False,False,True,False,False,False,False,False,False,False,False
60,99588,False,True,True,False,False,False,False,False,False,False,False,False,False,False
23,73713,False,False,False,False,False,False,False,False,False,False,False,False,False,False
30,67072,False,False,False,False,False,False,False,False,False,False,False,False,False,True
60,102544,False,False,True,False,False,False,False,False,False,False,False,False,False,False
21,89609,False,False,True,False,False,False,False,False,False,False,False,False,False,True
27,75890,False,False,True,False,False,False,False,False,False,True,False,False,False,False
45,43022,False,False,True,False,False,False,False,False,False,False,True,False,False,False
29,32875,False,False,True,False,False,False,False,False,False,False,False,True,False,False
38,63289,True,False,False,False,False,False,False,False,False,False,False,False,False,False
57,56896,False,False,True,False,False,False,False,False,False,False,False,False,False,False
28,111927,True,False,True,False,False,False,False,False,False,True,False,False,False,False
21,46551,True,False,False,False,True,True,False,False,False,False,False,False,False,False
31,83845,False,False,True,False,False,False,False,False,True,False,False,False,False,False
51,94038,True,False,True,False,False,False,False,False,False,True,False,False,False,False
37,33794,False,False,True,False,False,False,False,False,False,False,False,False,False,False
60,116275,False,True,True,False,False,False,False,False,False,False,True,False,False,False
55,38564,True,True,True,False,False,False,False,True,False,False,False,False,False,False
36,42196,False,False,False,False,False,False,False,False,False,False,False,False,False,False
23,75056,False,True,True,False,False,True,False,False,True,False,False,False,False,False
57,115461,True,False,True,False,False,False,False,False,False,False,False,False,False,False
33,80277,True,False,False,False,True,False,True,False,False,False,False,False,False,False
46,85771,False,True,True,False,True,False,False,False,False,False,False,False,False,False
26,58305,False,False,True,False,False,False,False,False,False,False,False,False,False,False
37,103608,True,True,False,False,False,False,False,False,False,False,False,False,True,True
41,95323,False,False,False,False,False,False,False,False,False,False,False,False,False,True
34,39807,False,False,False,False,False,False,False,False,False,False,False,False,False,False
41,88529,False,False,True,False,False,False,False,False,False,False,False,False,False,False
57,105341,False,False,False,True,False,False,False,False,False,False,False,False,False,False
56,51079,False,False,False,False,False,False,False,False,False,False,False,False,False,False
53,73713,True,True,False,False,True,False,False,False,False,False,False,False,False,False
46,68696,False,True,False,False,False,True,False,False,True,True,False,False,False,False
33,45814,False,True,True,False,False,False,False,False,False,False,False,False,False,False
46,61300,False,False,True,False,True,False,False,False,False,False,False,False,True,False
20,99579,False,False,True,False,False,False,False,False,False,False,False,False,False,False
38,75056,False,False,True,False,False,False,False,False,False,False,False,True,False,False
41,31792,False,False,True,False,False,False,False,False,True,False,False,False,False,False
56,43006,True,True,False,False,False,False,False,False,False,False,False,False,False,False
26,66046,False,False,True,False,False,False,False,False,False,False,False,False,False,False
33,82184,False,True,False,False,False,False,False,False,False,False,False,False,False,False
33,69251,False,True,False,False,False,False,False,False,False,False,False,False,False,False
27,89459,False,False,True,False,True,False,False,False,False,False,False,False,False,False
45,111205,False,False,False,False,True,False,False,False,False,False,False,False,False,False
38,40543,False,False,True,True,False,False,False,False,False,False,False,False,False,False
33,66160,False,False,True,True,False,False,False,False,False,False,False,False,True,False
30,50758,True,False,True,False,False,True,True,False,False,False,True,False,False,False
58,64675,False,True,True,False,False,False,False,True,False,False,False,False,False,False
27,44953,False,False,True,False,False,False,False,False,False,True,False,True,False,False
30,79131,False,True,False,False,False,False,True,False,False,False,False,False,False,False
29,43176,False,False,True,False,False,True,False,False,False,False,True,False,False,False
39,102529,True,False,False,False,False,False,False,True,False,False,False,False,False,False
40,97952,True,False,False,True,False,True,False,False,False,False,False,True,False,False
52,103526,False,False,False,False,False,False,False,False,True,False,False,False,False,False
21,99588,False,False,False,True,False,False,False,False,False,False,False,False,False,False
29,87939,False,False,True,False,False,False,False,False,False,False,False,False,False,False
25,70026,False,True,False,False,False,False,False,False,False,True,False,False,False,False
24,47224,False,True,False,False,False,False,False,False,False,False,True,False,False,False
31,117819,False,True,False,False,False,False,False,False,False,False,False,False,False,False
41,102529,False,True,False,False,False,False,False,False,False,False,True,False,False,False
42,100592,False,False,True,False,False,False,False,False,True,False,False,False,False,True
51,63082,True,False,True,True,False,False,True,False,False,False,True,False,False,False
26,118452,False,True,False,False,False,False,False,False,False,False,False,False,False,False
23,37936,False,False,True,False,False,True,True,False,False,False,False,False,False,False
25,109887,False,False,False,False,False,False,False,False,False,False,False,False,False,False
52,118381,False,True,False,False,False,False,False,False,False,False,False,False,False,False
34,80196,False,True,True,False,False,False,False,False,True,False,False,False,False,False
22,105392,True,False,False,False,False,False,False,False,False,False,False,False,False,False
59,99541,False,True,False,False,False,False,True,False,False,False,False,False,False,True
25,40350,False,False,True,False,False,False,False,False,False,False,True,True,False,False
33,106931,False,True,True,False,False,False,False,False,False,False,True,False,False,False
21,113819,False,True,True,True,False,False,False,False,False,False,True,True,False,False
50,116200,True,False,False,False,False,False,False,False,False,False,False,False,False,False
43,79986,False,True,False,True,False,False,False,False,False,False,False,False,False,False
45,80604,True,False,False,False,False,False,False,False,False,False,False,False,False,True
31,59015,True,False,True,False,False,False,False,False,False,False,True,False,False,False
52,40543,False,False,False,False,False,False,False,False,False,False,False,False,False,True
34,44896,True,True,False,False,False,False,False,False,False,False,False,False,False,False
52,32068,False,False,False,True,False,False,False,False,False,False,False,True,False,False
21,112991,False,False,True,False,False,False,False,True,False,False,False,False,False,False
37,111057,True,True,False,True,False,False,False,False,False,False,False,False,False,False
40,91993,True,False,False,False,False,False,False,False,False,False,False,True,False,False
48,101118,True,False,True,False,False,False,False,False,False,False,False,False,False,False
45,64663,True,False,False,False,False,True,False,False,False,False,False,False,False,False
48,114659,False,False,False,False,False,False,True,False,False,False,False,False,False,False
52,61439,False,True,False,True,False,False,False,False,False,False,False,False,False,False
29,36743,True,False,False,False,False,False,False,False,False,False,False,False,False,False
57,106011,False,True,True,False,False,False,False,False,False,False,False,True,False,False
45,74375,True,False,False,False,False,False,False,False,False,True,False,False,False,False
44,41164,False,False,True,False,False,False,True,False,False,True,False,False,False,False
43,88138,False,True,True,False,False,False,False,False,False,False,False,True,False,True
59,83845,False,False,False,False,False,False,False,False,False,False,False,False,True,False
25,88153,False,False,False,False,False,False,False,False,False,False,False,False,False,False
50,102641,False,False,False,False,False,False,False,False,False,False,False,False,False,True
33,78368,True,False,True,False,False,False,False,False,False,False,False,False,False,False
40,114896,False,True,False,False,False,False,False,False,False,False,False,True,True,False
58,47172,False,True,False,False,False,False,False,False,True,False,False,False,False,False
26,106724,False,False,False,False,False,False,False,False,False,False,False,False,False,False
43,31061,True,False,True,False,False,False,False,False,False,False,False,False,False,False
26,83955,False,False,True,False,False,False,False,False,False,False,False,False,False,False
44,61635,True,True,False,False,False,False,False,False,False,False,False,True,False,False
44,111226,False,False,False,False,False,False,False,False,False,False,False,False,False,False
33,68566,False,False,False,False,True,True,False,False,False,True,False,False,False,False
46,117404,False,False,True,False,False,False,False,False,False,False,False,False,False,False
27,94569,False,True,True,True,False,False,False,False,False,False,False,False,False,False
54,58705,True,False,False,False,False,False,False,False,False,False,False,True,False,False
48,109905,False,True,False,False,False,False,False,False,False,True,False,False,False,False
20,60340,False,False,False,False,False,False,False,False,True,False,False,False,False,False
34,30336,False,True,False,True,False,False,True,False,True,False,False,False,True,False
42,111830,False,False,False,False,False,False,False,False,False,False,False,False,False,False
40,102848,True,False,True,False,False,False,False,False,False,False,False,False,True,False
50,107304,False,False,False,False,False,False,True,True,False,False,False,False,False,False
53,67828,False,False,True,False,False,False,False,False,False,False,False,False,False,False
42,85176,False,False,False,False,False,False,False,False,False,False,False,True,False,False
59,34877,False,True,True,False,False,False,False,False,False,False,False,False,False,False
40,47038,False,True,False,True,False,False,False,False,True,False,False,False,False,False
40,91605,False,True,True,False,False,False,False,False,False,False,False,False,False,False
36,106225,False,False,True,False,False,False,False,False,False,False,False,False,False,True
33,60162,False,True,True,False,False,False,False,False,False,False,False,False,False,False
44,45670,False,False,True,False,False,False,False,False,False,False,False,False,True,False
45,41188,False,False,True,False,True,False,False,False,False,False,False,False,False,False
44,100776,False,True,False,False,False,False,True,False,False,False,False,False,False,False
45,102848,True,False,False,False,False,True,False,False,False,False,False,False,False,False
35,75607,True,False,True,False,False,False,False,False,False,False,False,True,True,False
38,111609,False,True,False,False,False,False,False,False,False,False,False,False,False,False
21,82098,False,False,False,True,False,False,False,False,False,False,False,False,False,False
35,108301,False,True,False,False,False,False,False,False,False,False,False,False,True,False
57,117207,True,False,False,False,False,False,False,False,False,False,False,False,True,False
53,93956,False,False,False,True,False,False,False,False,False,False,False,False,False,False
52,70953,False,True,True,False,True,False,False,False,False,False,False,False,False,False
26,88028,False,False,True,False,False,False,False,False,True,False,False,False,False,False
28,102264,False,True,False,False,False,False,False,False,False,False,False,False,False,False
56,64663,False,True,False,False,False,False,False,False,False,False,False,False,False,False
42,94139,True,True,False,False,False,False,False,False,False,False,False,False,False,False
55,88138,False,False,False,False,False,False,False,False,True,False,False,False,False,False
29,38564,True,False,False,False,False,True,False,True,False,False,False,False,False,False
30,76112,False,False,False,False,False,False,False,False,False,False,False,False,False,False
49,105243,False,False,True,False,False,False,False,False,False,True,False,False,True,False
30,39807,True,True,False,True,False,False,False,False,False,False,False,False,True,False
47,91537,False,False,False,False,False,False,False,False,False,False,False,True,False,False
37,103147,False,False,True,False,False,False,False,False,False,False,False,False,False,False
51,42999,False,True,False,False,False,False,True,False,True,True,False,False,False,False
42,57235,False,False,False,False,False,False,False,False,False,True,False,False,False,False
41,114886,True,False,True,False,False,False,False,False,False,False,False,False,False,False
59,116870,False,False,False,False,False,False,False,False,False,False,False,False,False,False
57,70026,True,True,True,False,False,True,False,False,False,True,False,False,False,True
52,115841,False,False,False,False,False,False,False,False,False,False,False,False,False,False
55,31854,False,False,True,False,False,False,False,False,False,True,False,False,False,False
27,78629,False,False,False,False,True,False,False,False,False,False,False,False,False,False
35,65054,False,False,False,False,False,False,False,False,False,False,False,False,False,False
33,96039,False,False,True,False,False,False,False,False,False,False,False,False,False,False
58,76009,True,False,False,False,False,False,False,False,False,False,False,False,False,False
35,76009,True,False,True,False,False,False,False,False,False,False,False,False,False,False
48,111399,False,False,False,False,False,False,False,False,True,False,False,False,False,True
40,63466,False,False,False,False,False,False,False,True,False,False,False,False,False,False
36,103147,True,True,True,False,False,False,True,False,False,False,False,False,False,False
57,102641,False,True,False,False,False,False,False,False,True,False,False,False,False,False
47,92402,False,False,False,False,False,False,False,False,False,False,False,True,False,False
45,44293,False,False,False,False,False,False,True,False,False,False,False,False,False,False
43,57235,True,True,False,False,False,False,False,False,False,False,False,False,False,False
29,36764,True,True,False,False,False,False,False,False,False,False,False,False,False,False
52,109905,False,False,False,False,False,True,False,False,False,False,False,False,False,False
27,41957,False,False,True,False,False,False,False,False,False,False,True,False,False,False
32,87377,True,False,True,False,False,False,False,False,False,False,True,False,False,False
22,34852,False,False,True,False,False,False,True,False,False,True,False,False,False,False
28,111691,True,False,False,False,False,False,True,False,True,False,False,False,False,False
57,106931,False,True,True,False,False,False,False,False,False,False,False,False,False,False
36,111381,False,True,False,False,False,False,False,False,False,False,False,False,False,False
29,83736,False,False,False,False,False,False,False,False,False,False,False,False,False,False
20,107993,True,True,True,False,False,False,False,True,False,False,True,False,False,False
29,79856,False,False,True,False,True,False,False,False,False,False,False,False,False,False
50,109482,True,False,True,False,False,False,False,False,False,False,False,False,False,False
21,83845,False,False,False,False,False,False,False,True,False,False,False,False,False,False
56,102255,False,False,True,True,True,False,False,False,False,False,False,False,True,False
33,114518,False,False,False,True,False,False,False,False,False,False,True,False,False,False
36,101987,False,False,False,False,False,False,False,False,False,True,False,False,False,False
57,103772,False,True,False,True,False,False,False,False,False,False,False,False,True,False
55,72516,True,False,True,False,False,False,False,False,False,False,False,False,False,False
45,47892,False,False,True,False,False,False,False,False,False,False,False,False,False,False
27,35167,True,False,True,False,False,False,False,True,False,False,False,False,False,True
26,111830,True,False,False,False,False,True,True,False,False,True,False,True,False,False
53,64782,True,True,False,False,False,False,False,True,False,False,False,False,False,False
37,35943,False,False,True,False,False,False,False,False,False,False,False,False,False,False
20,72176,False,True,False,False,False,False,False,False,False,False,False,False,False,False
48,90482,True,False,False,False,True,False,False,False,False,True,False,False,False,False
30,89600,False,False,False,False,False,True,False,False,True,False,False,False,False,False
28,92746,True,False,True,False,False,False,False,False,False,False,False,False,False,True
20,77823,True,False,True,False,False,False,True,False,False,False,True,False,False,False
34,72081,False,False,True,False,False,True,False,False,False,False,False,False,False,False
26,43579,False,True,False,False,False,False,False,False,False,False,False,False,False,False
28,47781,False,False,False,False,False,False,False,False,False,False,False,False,False,False
24,104607,False,False,True,True,True,False,False,False,False,True,False,False,False,False
21,91894,False,False,False,False,False,False,False,False,False,False,False,False,False,False
55,73357,False,False,False,False,False,False,False,False,False,False,False,False,False,False
53,72219,False,True,False,False,False,False,False,False,False,False,False,False,False,False
45,89048,False,False,False,False,False,False,False,False,False,False,False,False,False,False
54,78629,True,False,True,False,False,False,False,False,False,False,False,False,False,False
39,103584,True,True,False,False,False,False,False,False,False,False,False,False,False,False
44,54267,True,True,True,False,True,False,False,False,False,False,False,False,False,False
38,39710,True,True,False,False,False,True,False,False,False,False,False,False,False,False
32,93156,False,True,True,False,False,False,False,False,False,False,False,False,False,False
24,37146,False,True,True,False,False,False,False,False,False,True,False,False,False,False
31,44896,True,True,False,False,True,False,False,False,True,False,False,False,False,False
47,46505,True,False,True,False,False,False,False,False,False,False,False,False,False,False
23,39681,False,False,True,False,False,False,False,False,False,False,False,False,False,False
59,33280,True,False,False,False,False,False,False,False,False,False,False,True,False,False
21,114659,False,False,True,False,False,False,False,False,False,False,False,False,False,False
34,103526,True,False,True,False,False,False,False,False,False,False,False,False,False,False
58,80940,False,False,False,False,False,True,False,False,False,False,False,False,False,False
51,108696,False,True,True,False,False,False,False,False,False,False,False,False,False,False
30,63408,False,False,True,False,False,False,False,False,True,False,False,False,False,False
40,100807,False,False,True,False,False,True,False,False,False,False,False,False,False,False
50,100701,False,False,False,False,False,False,False,False,False,False,False,False,False,False
42,67777,True,False,False,False,False,False,True,False,False,False,False,False,False,False
52,92616,False,True,False,False,False,True,False,False,False,False,False,False,False,False
45,37936,False,False,False,False,False,True,False,False,False,False,False,False,False,False
25,88756,True,False,True,False,False,False,False,False,False,False,True,False,False,False
43,67752,False,False,False,False,False,False,False,False,False,False,False,False,False,False
28,43979,True,True,False,False,False,False,False,False,False,False,False,False,False,False
38,104177,False,False,True,False,False,False,False,False,False,False,False,False,False,True
45,103620,False,False,False,False,False,False,False,False,False,True,False,False,False,False
57,99942,False,True,False,False,False,False,False,False,False,False,False,False,False,False
36,73687,False,True,False,False,False,False,False,False,False,False,False,False,False,False
55,34278,False,False,True,False,True,False,False,False,False,False,False,False,False,False
36,73687,False,True,True,False,False,False,False,False,False,False,False,False,False,False
34,64737,False,False,False,True,False,False,True,False,False,False,False,False,False,False
35,94139,True,False,False,False,False,True,False,False,False,False,False,False,False,False
53,38330,False,False,False,False,False,False,True,False,False,False,False,False,False,False
45,76346,False,False,True,False,False,False,False,False,False,False,False,False,False,False
34,100592,False,False,True,False,False,False,False,False,False,False,False,False,False,False
33,101228,False,False,True,False,False,False,False,False,False,True,False,False,False,False
29,82184,False,False,False,False,True,True,False,False,False,False,False,False,False,True
40,39807,True,True,True,False,True,False,False,False,False,False,True,False,False,False
23,111057,True,False,False,False,False,False,True,False,False,False,False,False,False,False
60,89614,False,False,False,False,False,False,False,False,False,False,False,False,False,False
49,103584,False,False,False,False,False,False,False,False,False,False,False,False,False,False
23,95107,False,False,False,False,False,False,False,False,True,False,False,False,False,False
40,40350,False,False,False,False,False,True,False,False,False,False,False,False,False,True
34,74548,False,False,True,False,False,False,False,False,False,False,False,False,False,False
46,72176,False,True,True,False,False,False,False,False,False,False,False,False,False,False
45,94569,True,True,False,False,False,True,False,False,False,True,False,False,True,False
47,77049,False,False,False,False,False,False,False,False,False,False,False,False,False,False
24,99579,True,False,False,False,False,False,False,False,False,False,False,False,False,False
60,111973,False,False,True,False,False,False,False,False,False,False,True,False,False,False
43,102544,False,False,False,False,False,False,False,True,False,False,True,False,False,False
53,106225,False,True,True,False,False,False,False,False,False,True,False,False,False,False
57,70730,False,False,False,False,False,False,False,False,False,False,False,False,False,False
53,112155,False,True,False,False,False,False,False,True,False,False,False,False,False,False
54,114659,False,False,True,False,False,False,False,False,False,False,False,False,False,False
43,89878,False,False,False,False,False,False,False,False,False,False,False,False,False,True
32,54586,False,True,True,False,False,False,False,False,False,False,False,False,True,False
58,119705,False,False,True,False,False,False,False,False,False,True,True,False,False,False
31,60613,False,False,True,False,False,False,False,False,True,False,False,False,False,False
38,73207,False,True,False,False,False,False,False,False,False,False,True,False,False,False
40,107993,False,False,False,False,False,False,False,False,False,False,False,True,False,False
23,100912,False,False,False,False,False,False,False,False,False,False,False,False,False,False
47,57152,True,False,True,True,False,False,False,False,True,False,True,True,False,False
26,84524,False,False,True,False,False,False,False,False,False,False,False,False,False,False
30,109964,False,False,True,False,False,False,False,False,True,True,False,False,False,False
35,72437,False,False,True,False,False,False,False,True,False,False,True,False,True,False
36,94451,False,True,False,False,False,False,False,False,False,False,True,False,False,False
22,57801,False,False,True,False,True,True,False,False,False,False,False,False,False,False
42,102972,True,True,False,False,False,False,False,False,False,False,False,False,False,False
41,100329,False,False,False,False,False,False,False,False,True,True,False,False,False,False
37,69824,False,True,False,False,False,False,True,False,False,False,False,False,False,False
50,72992,False,False,False,False,False,False,False,False,False,False,False,False,False,False
49,37026,False,False,False,False,False,False,False,False,False,False,False,False,False,False
41,41164,False,False,True,False,False,False,False,False,False,False,False,False,False,True
31,104228,True,False,False,False,False,False,False,False,False,False,False,False,False,False
57,89459,True,False,True,False,False,False,False,False,True,False,False,False,False,False
21,94722,False,False,False,False,False,False,False,False,False,False,False,False,False,False
42,92031,False,False,True,False,False,False,False,False,False,False,False,True,False,False
39,40589,True,False,True,False,False,False,False,True,False,False,False,False,False,False
27,69132,False,False,True,False,False,False,False,False,True,False,False,False,False,False
59,119873,False,False,True,False,False,False,False,False,False,True,True,False,False,True
58,39838,True,False,False,False,True,False,True,False,False,False,False,False,False,False
42,72372,False,False,True,False,False,False,False,False,False,True,True,False,False,False
60,32719,False,False,True,False,False,False,False,False,False,False,True,False,False,False
60,109964,True,True,False,False,False,False,False,True,False,False,False,False,True,False
33,48958,True,True,True,False,False,True,False,False,False,False,False,False,False,False
52,78629,True,True,True,False,False,False,False,False,False,False,False,False,False,False
21,75236,False,False,False,True,False,True,False,False,False,False,False,False,False,False
51,31947,False,False,True,False,False,False,False,False,True,True,False,False,False,False
47,41542,True,False,True,True,False,False,False,False,True,False,False,False,False,False
34,98494,True,False,True,False,False,False,False,False,False,False,False,False,False,False
32,52280,False,False,False,False,False,False,False,False,False,False,False,True,False,False
25,55042,False,False,False,False,False,False,False,False,False,False,False,False,False,False
27,106011,True,False,False,False,False,True,True,False,True,False,False,False,True,False
40,118117,False,False,True,False,False,False,False,False,False,False,False,False,False,False
39,78843,False,False,False,False,False,True,True,False,True,False,False,False,False,False
39,101228,True,True,False,False,False,False,False,False,False,False,False,False,False,False
41,109905,False,False,False,True,True,False,False,False,False,False,False,False,False,False
42,59392,False,False,False,False,False,False,False,False,False,False,False,False,False,False
27,83841,False,False,False,False,False,False,False,False,False,False,False,False,True,False
21,80277,False,False,False,False,False,False,True,False,False,False,False,False,False,False
38,83736,False,False,True,False,False,False,False,False,False,False,False,False,False,False
43,75607,True,False,True,False,False,True,False,False,True,False,False,False,False,False
55,101118,False,False,False,False,False,False,False,False,False,False,False,False,False,False
22,46199,True,True,False,True,False,False,False,False,False,False,False,False,False,False
52,95836,False,False,True,True,False,True,False,False,False,False,False,False,False,False
23,61365,False,False,True,False,False,False,False,False,False,False,False,False,True,False
33,61925,False,True,False,False,False,False,False,False,False,False,False,False,False,False
32,67762,True,True,True,False,False,False,False,False,False,False,False,True,True,False
58,70953,False,True,False,False,False,False,False,False,False,False,False,False,False,False
47,116846,False,False,True,False,True,False,False,False,False,False,False,False,False,False
45,32068,True,False,True,False,False,False,False,False,False,False,False,False,False,True
59,45220,True,True,True,False,False,False,False,False,False,False,False,False,False,False
52,54727,False,True,False,False,False,False,False,False,False,False,False,False,True,False
50,43154,False,False,True,True,False,False,False,False,False,False,False,False,False,True
31,79131,False,False,True,False,False,False,False,False,False,False,False,False,False,False
28,53647,True,False,False,False,False,False,False,True,False,False,False,True,False,False
34,89441,True,False,True,False,False,False,False,False,False,True,False,False,False,False
54,67762,True,False,False,False,False,False,False,False,False,False,False,False,False,False
20,91524,True,True,False,True,False,False,False,False,False,False,False,False,False,False
39,101987,True,False,False,False,False,False,True,False,False,False,False,False,False,False
51,80422,False,False,False,True,False,False,False,False,False,False,False,False,False,False
53,111490,True,False,True,True,False,False,False,False,False,False,False,False,False,False
28,45915,True,True,False,False,False,False,False,False,False,False,False,False,False,False
40,117819,False,False,False,False,False,True,False,True,False,False,False,False,False,False
29,35683,False,False,False,False,False,False,False,False,False,True,False,False,False,False
58,90236,True,True,False,False,False,False,False,False,False,False,False,False,False,False
34,45292,True,False,False,False,False,False,False,False,False,False,False,False,False,False
52,37026,False,False,False,False,False,False,False,False,False,False,False,False,True,False
26,116200,True,False,False,False,False,False,False,False,True,False,True,False,False,False
36,102102,True,False,False,False,False,False,False,False,False,False,False,False,False,False
20,47038,False,True,True,False,False,False,False,False,False,False,False,True,False,False
27,42735,False,True,False,False,False,False,True,False,False,False,False,False,False,False
52,102102,True,True,True,False,False,False,False,False,False,False,False,False,False,False
49,62951,False,True,False,False,False,False,False,False,False,False,False,False,True,False
60,42015,False,True,False,False,False,True,False,False,False,False,False,False,False,False
38,38564,True,False,True,False,False,False,True,False,False,False,True,False,False,True
53,73687,False,True,False,False,False,False,False,False,False,False,False,False,False,False
49,32011,False,False,True,False,False,False,False,False,True,False,False,False,False,False
34,48595,False,False,False,False,False,False,False,False,False,False,False,False,False,False
53,37936,False,False,True,False,False,False,False,False,False,False,False,False,False,False
41,91537,True,True,False,False,False,False,False,False,False,False,False,False,False,False
56,104946,False,False,False,False,True,False,False,False,False,False,False,False,False,False
28,35943,False,False,True,False,False,False,False,False,False,False,False,False,False,False
48,89441,False,False,True,False,True,False,False,False,False,False,False,False,False,False
51,104177,True,False,True,False,False,True,False,False,False,False,False,False,True,False
50,119241,False,False,True,False,False,False,True,False,False,False,False,False,True,False
30,61890,False,True,False,False,False,False,False,False,False,False,False,True,False,False
47,56896,True,False,True,False,False,False,False,False,False,False,False,False,False,True
36,77012,False,False,True,False,False,False,True,False,False,True,False,False,True,False
35,44408,False,False,False,False,False,True,False,True,False,False,False,False,False,False
56,32011,True,True,True,False,False,False,False,False,False,True,False,False,False,False
40,68974,False,False,True,False,False,False,False,False,False,False,False,False,False,False
26,89245,False,False,False,False,False,False,False,False,False,False,False,False,False,False
29,91385,False,False,True,False,False,False,False,False,False,False,True,False,False,False
22,73357,True,True,False,False,False,True,False,False,False,False,False,False,False,True
54,70963,False,False,True,False,True,False,False,False,False,False,False,False,False,False
31,89878,True,True,True,False,False,False,False,False,False,True,False,False,False,False
51,111830,False,False,True,False,False,False,True,False,False,False,False,False,False,False
32,69599,True,False,False,False,False,False,False,False,True,False,False,False,False,False
48,37972,False,True,True,False,False,False,False,False,True,False,False,False,False,False
55,75890,False,False,False,False,False,False,False,False,False,False,False,False,False,True
20,83271,True,True,True,False,False,False,False,False,False,False,True,False,False,False
23,69824,True,True,True,False,False,False,False,False,False,False,False,False,False,False
32,78629,False,False,False,False,False,True,True,False,False,False,False,False,False,False
41,109471,True,True,False,False,False,False,False,False,False,False,False,False,False,False
26,102768,True,False,True,False,False,False,False,False,False,True,False,False,False,False
55,89186,False,False,False,True,False,False,False,False,False,False,False,False,False,False
57,112155,False,False,True,False,False,False,False,False,False,False,False,False,False,False
20,93483,False,False,False,False,False,False,False,False,False,False,False,False,True,False
29,80196,False,False,False,False,False,False,False,False,False,False,False,False,False,False
29,94139,False,False,False,False,False,False,False,False,False,False,False,False,False,False
60,109730,False,True,True,False,False,False,False,False,False,False,False,False,False,False
26,69608,True,False,True,False,False,False,False,False,False,False,True,False,False,False
55,73357,False,True,False,False,False,False,True,False,False,False,False,False,False,False
26,100236,False,True,False,False,False,False,False,False,False,True,False,False,False,False
28,72247,False,False,True,False,False,False,False,False,False,True,False,False,False,False
51,60005,False,False,True,False,False,False,False,False,False,False,True,False,False,False
21,103608,False,False,True,False,False,False,False,False,False,False,False,False,False,False
48,80196,False,False,False,False,False,False,False,True,False,False,False,False,False,False
58,61635,False,False,True,False,False,False,False,False,False,False,False,False,False,False
59,84935,True,True,False,True,False,False,False,False,False,False,False,False,False,True
58,89048,False,False,False,False,False,False,False,False,False,False,False,False,False,False
49,117819,False,False,True,True,False,False,False,False,False,False,False,False,False,False
31,83476,True,True,True,False,False,False,False,False,False,False,False,False,False,False
34,82976,True,False,False,False,False,False,False,False,False,False,False,False,True,False
54,83955,False,False,False,False,False,False,True,False,False,False,True,True,False,True
21,108561,True,False,False,False,False,False,False,False,False,False,False,False,False,False
45,116991,False,True,False,False,False,True,True,False,False,False,True,False,False,False
53,45525,False,False,False,True,False,False,False,False,False,False,False,False,False,False
26,61946,False,True,True,False,False,False,False,False,False,False,False,False,False,False
47,114896,False,True,False,False,False,False,False,False,False,False,False,True,False,False
27,47172,False,True,True,False,False,False,False,False,False,False,False,False,False,False
46,111381,False,True,False,False,False,False,False,False,False,False,False,False,False,False
26,89878,True,False,True,False,False,False,False,False,False,False,False,False,False,False
30,77953,False,False,True,True,False,True,False,False,False,False,True,False,False,False
38,44871,True,False,False,False,False,False,True,False,False,False,False,False,True,False
56,105392,False,True,False,False,False,False,False,False,False,False,False,False,False,False
